Date,URL,Tweet
2023-06-08 23:23:15+00:00,https://twitter.com/whyyoutouzhele/status/1666949035091951618,"全文快照
https://t.co/N8Zkis733n"
2023-06-08 23:17:08+00:00,https://twitter.com/whyyoutouzhele/status/1666947499200741377,https://t.co/f6fsumfwUS
2023-06-08 23:14:07+00:00,https://twitter.com/whyyoutouzhele/status/1666946740640006147,然而，有公众号根据专业推测认为，塌陷很可能与附近的地热井施工有关 https://t.co/FSJQeiMDGh
2023-06-08 23:08:41+00:00,https://twitter.com/whyyoutouzhele/status/1666945369379594240,"网友投稿
5月31号起，天津碧桂园凤锦庭院小区出现大面积地面沉降，小区及周边路面出现众多肉眼可见开裂。
沉降涉及了多栋建筑，其中受损最严重的39号高层已出现倾斜。约4000名小区住户被紧急疏散撤离。搬家费短期内大涨，且大件物品无法搬离。
6月8日，官方发布消息称专家组研判原因是突发地质灾害。 https://t.co/fhBh7rA3Fl"
2023-06-08 21:20:02+00:00,https://twitter.com/whyyoutouzhele/status/1666918030415110144,"网友投稿
6月8日，安联巡防灈阳中队发布了一则视频，巡防大队在老县委附近发现一处明火并立即浇灭。
因画面中火势微弱，疑似人为点燃，被网友质疑作秀。
有网友评论称，自己曾经见过自己点火，自己拍摄，自己灭火的情景。 https://t.co/dKX8op5HGF"
2023-06-08 20:54:39+00:00,https://twitter.com/whyyoutouzhele/status/1666911642150420480,网友补充，同时欢迎更多同学补充消息 https://t.co/Rxj3PNtgD6
2023-06-08 15:55:01+00:00,https://twitter.com/whyyoutouzhele/status/1666836233933168640,"网友投稿
6月8日傍晚，广东省韶关市南雄市水西桥
桥面突然坍塌造成一人落水 https://t.co/a2ryE791Bs"
2023-06-08 14:54:39+00:00,https://twitter.com/whyyoutouzhele/status/1666821041736536068,"1，你说的这个问题其实早几年前墙内就在讨论了。微信占用大量手机内存，有的高达几十个G，但是用户自己却无法读取这些内容。
2，作为亲历者，我想说聊天记录调不调取的原则在于想不想调取和值不值得调取。
3，中国的个人信息黑产早就泛滥了，聊天记录应该是最近加入的权限，配合人脸识别，未来各种全过程开盒只会更加泛滥。
4，从最近墙内一连串的开盒人肉新闻来看，这些手握窥探全民隐私的巨大权力却又没有限制的年轻警察如果不被制止，将会在未来加速政府公信力的崩塌。"
2023-06-08 14:29:35+00:00,https://twitter.com/whyyoutouzhele/status/1666814733385879552,网友补充 https://t.co/eJ05ylHv5N
2023-06-08 14:04:23+00:00,https://twitter.com/whyyoutouzhele/status/1666808394735575044,"网友投稿
6月8日，鼠头鸭脖学校再次曝出食品安全问题。
有学生在食堂饭菜中吃出一条“大青虫” https://t.co/sHMsjaxqtK"
2023-06-08 13:56:38+00:00,https://twitter.com/whyyoutouzhele/status/1666806445210468352,目前最新情况，之前进入学校的家长被赶出，警察组成人墙封锁了学校。 https://t.co/SV9GsCYB6x
2023-06-08 13:46:31+00:00,https://twitter.com/whyyoutouzhele/status/1666803897548312576,"网友投稿
6月8日，广东电信发生特别重大网络故障 https://t.co/vMnL9eKn4S"
2023-06-08 13:45:35+00:00,https://twitter.com/whyyoutouzhele/status/1666803663996866560,"网友投稿
今天，一张截图在互联网疯传，一名男子称自己在海口坐轮渡时被海关和警察抽检，输入身份证号获取了他的微信聊天记录。 https://t.co/n7SysvQuve"
2023-06-08 13:32:04+00:00,https://twitter.com/whyyoutouzhele/status/1666800259509649410,目前情况 https://t.co/sjRU1vcXHG
2023-06-08 12:28:35+00:00,https://twitter.com/whyyoutouzhele/status/1666784282805714944,目前最新情况，家长突破电子门，进入学校内 https://t.co/m1sZwnvRaj
2023-06-08 12:27:56+00:00,https://twitter.com/whyyoutouzhele/status/1666784122331693058,"突发！
6月8日晚，安徽省铜陵市。
因为枞阳中学高考考点英语听力异常，大约600+考生受影响，家长聚集在学校门口讨要说法 https://t.co/3alk8QcWfP"
2023-06-08 12:14:08+00:00,https://twitter.com/whyyoutouzhele/status/1666780650337075202,"网友投稿
6月6日，辽宁省沈阳市。
重点高中一二○中学学生张贴告示抗议学校性别歧视和取消学生假期。 https://t.co/kF8fNvEohU"
2023-06-08 12:00:33+00:00,https://twitter.com/whyyoutouzhele/status/1666777229613735937,网友补充： https://t.co/MWKtSxMUxY
2023-06-08 11:26:28+00:00,https://twitter.com/whyyoutouzhele/status/1666768650659831811,"网友投稿
大学辅导员催促学生尽快就业 https://t.co/KI4xpEr445"
2023-06-08 11:16:00+00:00,https://twitter.com/whyyoutouzhele/status/1666766019447103491,"网友投稿
6月8日，有网友曝光一则重庆市社区生育问卷，
内容令人无语。 https://t.co/E5mV0BkQli"
2023-06-08 04:11:44+00:00,https://twitter.com/whyyoutouzhele/status/1666659247768190976,"6月6日，海南。
一名女孩手持“妈妈！我真的不想结婚”旗帜在街头骑行。
在社交平台上，这句话正在成为年轻人的新Slogan。 https://t.co/Ib8w2qUNXk"
2023-06-07 16:46:39+00:00,https://twitter.com/whyyoutouzhele/status/1666486843074830338,"介于推特机制问题，超出一定数量的推文无法显示在主页中。因此经常有网友询问我如何才能看到之前的推文，甚至有网友怀疑是我将之前的推文删除了。
希望可以通过这个方式为想要回看的推友和想要考证的学者朋友们留下一点途径，同时也希望使用网站的模式可以缓解目前久久不能盈利的尴尬处境。
谢谢大家，对于建站从零学起，需要大家提供宝贵意见和建议。"
2023-06-07 16:44:48+00:00,https://twitter.com/whyyoutouzhele/status/1666486377368674313,"富士康2.0事件  李老师推文汇总 https://t.co/1Ho7xlg0vy 
接下来，陆续会在网站中以时间线的形式整合过去的推文。"
2023-06-07 16:19:02+00:00,https://twitter.com/whyyoutouzhele/status/1666479892672790528,"网友投稿
北京师范大学珠海校区内的校警开始巡查“奇装异服”。 https://t.co/pir7DskTIX"
2023-06-07 15:00:27+00:00,https://twitter.com/whyyoutouzhele/status/1666460113782165505,"网友投稿
6月7日，今年高考疑似再度爆发泄题风波
在一个名为“高考数学高中数学”的群中，一名网友发布了今年的《数学·新高考一卷》泄题照片。
随后在复旦大学学生群中，有网友表示下午数学考试期间也有人找他辅导图片中的题目。 https://t.co/Whs28jl6Ue"
2023-06-07 14:45:20+00:00,https://twitter.com/whyyoutouzhele/status/1666456311070900226,"网友投稿
近日，一则“外国人走了！上海复兴中路房租暴跌！”的视频在墙内一度高达1500万次播放。
视频中，主播表示上海的外籍工作者正在大量离开。
原本复兴中路附近的高价出租房全部空了，因为“世界500强企业在上海的外国人全都走光了”。
一天后，主播发布视频称因担心对公众影响不好，将视频下架。
“人生总有起伏，经济总有周期，也不是说离开了外国人我们就活不下去。”"
2023-06-07 14:31:19+00:00,https://twitter.com/whyyoutouzhele/status/1666452782461640707,"@Fight_forALL 谢谢求证，因为投稿人是西南大学老师，自疫情以来就一直在投稿西南大学相关消息，因此这一次没有做过多核实。
这边也在跟投稿人进一步求证，如果出现不实内容会公开道歉。"
2023-06-07 14:24:23+00:00,https://twitter.com/whyyoutouzhele/status/1666451039157997568,补充 https://t.co/WnqlJWDtcn
2023-06-07 14:23:20+00:00,https://twitter.com/whyyoutouzhele/status/1666450774740594690,"网友投稿
6月6日晚，香港。
泰国艺人BILLKIN &amp; PP KRIT（BKPP）见面会现场，因不满现场主持人将“中国”“香港”“台湾”并列称呼，引发了现场粉丝质疑其辱华，在台下齐喊“ONE CHINA”、“CHINA CHINA CHINA”。 https://t.co/Hplt1RHUnc"
2023-06-07 12:59:24+00:00,https://twitter.com/whyyoutouzhele/status/1666429651030274049,相关补充 https://t.co/FDe7gYDEuu
2023-06-07 12:52:04+00:00,https://twitter.com/whyyoutouzhele/status/1666427804920020992,"网友投稿
近日，一名自称加入“瓦格纳”雇佣军的中国男子在网络上走红。在其快手账号中，不仅分享其在俄罗斯参军的经历，同时也会发表一些个人言论和看法。6月6日，该名男子再次发布视频，警告美国和北约停止霸权行为，否则会将其消灭。
随后该账号被快手封禁。
据微博网友称，该名男子为山西孝义人，名叫武民，90后，有从军经历，在网上反腐失败，潜入俄国打仗赚钱反美帝。
也有网友质疑其可能只是参加了俄罗斯“军事夏令营”。"
2023-06-07 11:15:21+00:00,https://twitter.com/whyyoutouzhele/status/1666403465227116544,死者父亲发文 https://t.co/G55jxpbOBp
2023-06-07 11:07:21+00:00,https://twitter.com/whyyoutouzhele/status/1666401454502862849,胡锡进对事情发表看法 https://t.co/wMvjWDV4su
2023-06-07 10:56:22+00:00,https://twitter.com/whyyoutouzhele/status/1666398688376135680,"王丹回应全文：
https://t.co/AtGwxlPDSp"
2023-06-07 10:55:30+00:00,https://twitter.com/whyyoutouzhele/status/1666398469982941185,"“白纸一代”集体呼吁王丹正面回应性骚扰指控
6月4日，LA的自由雕塑公园，六四集会。
几名年轻人上台演讲，针对近日王丹性骚扰案，呼吁他出来正面回应指控。
“我觉得这是一个少有的宝贵的年轻人和老一辈民运之间对话的机会。”
包括公民日报，民主沙龙在内的多个青年组织发布声明，表示在王丹及相关人员对性骚扰指控没有作出令人满意的答复之前，将不会继续分享王丹作为演讲者和组织者参与的任何活动和内容。
6月7日，王丹发文表示已经回到台湾，称“我不會有任何逃避，只希望司法秉公處理，還原事件真相”。"
2023-06-07 10:38:50+00:00,https://twitter.com/whyyoutouzhele/status/1666394278749261826,后续 https://t.co/aUVtw01Zl4
2023-06-07 10:31:48+00:00,https://twitter.com/whyyoutouzhele/status/1666392508367085568,@Zaqopx 这么急啊？ https://t.co/OJuuFjpKse
2023-06-07 10:29:00+00:00,https://twitter.com/whyyoutouzhele/status/1666391802859986944,"网友投稿
6月7日，雄安新区。
雄安建筑工地上的警示栏不是警示工人注意安全，而是警示工人不要“上访”和“违法讨薪”。 https://t.co/fPNxe6OVQF"
2023-06-07 10:26:24+00:00,https://twitter.com/whyyoutouzhele/status/1666391150419230722,"网友投稿
6月7日，西南大学要求各班团委统计班级里的性少数群体。 https://t.co/SJybbTLhNr"
2023-06-07 10:22:36+00:00,https://twitter.com/whyyoutouzhele/status/1666390192037453825,"网友投稿
6月7日，有在美国的小红书网友发文称被街道办索要个人信息，包括出国时间，在国外工作单位，国外手机号等。 https://t.co/GxLwVvKBXq"
2023-06-07 10:19:08+00:00,https://twitter.com/whyyoutouzhele/status/1666389321639772160,https://t.co/AO3QKBPEn9
2023-06-07 10:18:50+00:00,https://twitter.com/whyyoutouzhele/status/1666389245848584192,"网友投稿
6月7日清晨，上海剑川路。
一辆车闯红灯迎面撞上对面车辆，事故造成一人死亡。 https://t.co/0yh2VJ0ymq"
2023-06-07 10:11:41+00:00,https://twitter.com/whyyoutouzhele/status/1666387445477265408,"网友投稿
深圳卫健委发文预祝广大考生高考顺利 https://t.co/hnquXlacjz"
2023-06-07 10:09:41+00:00,https://twitter.com/whyyoutouzhele/status/1666386943519731713,"网友投稿
“街拍有风险，从业需谨慎”
6月6日，一段街拍视频在网上爆火，画面中一对情侣在成都街头幸福漫步。
然而有网友认出，视频中男子为中石油环球项目公司总经理胡某，而女子则为其下属。
事件爆出后，摄影师账号随即被设为“私密”。 https://t.co/LjN4u1oFu0"
2023-06-07 00:02:19+00:00,https://twitter.com/whyyoutouzhele/status/1666234093841858560,"网友补充
视频拍摄地点是长沙清水塘，毛泽东杨开慧故居门口"
2023-06-06 20:38:27+00:00,https://twitter.com/whyyoutouzhele/status/1666182788997939200,"网友投稿
6月5日，成都高新区的锦晖小学，因篮球架年久失修，一名小学生在观看同学打球时被篮球架砸中不幸身亡。 https://t.co/rPMN1lWKFZ"
2023-06-06 16:58:06+00:00,https://twitter.com/whyyoutouzhele/status/1666127336226402319,@AXH1gX6IPsFVt3K https://t.co/jO4qcckxir
2023-06-06 16:53:45+00:00,https://twitter.com/whyyoutouzhele/status/1666126241580167175,"网友投稿
“指鼠为鸭”事件继续发酵
网传截图显示，学校新媒体中心主任要求学生网络控评维护学校。
然而有网友发现，该学校2008年就出现过“老鼠头”事件。 https://t.co/r2VnjB6WIz"
2023-06-06 16:50:19+00:00,https://twitter.com/whyyoutouzhele/status/1666125378467901457,"网友投稿
6月4日，政法委旗下公众号“有理有面儿”使用“人矿”一词来形容印度。
这是继今年1月墙内关于“人矿”的民间讨论相关内容被清空后，官方首次使用该称呼。 https://t.co/HsQaeV7f4t"
2023-06-06 16:36:17+00:00,https://twitter.com/whyyoutouzhele/status/1666121843869200384,网友补充 https://t.co/MdKXmBwtVr
2023-06-06 14:53:18+00:00,https://twitter.com/whyyoutouzhele/status/1666095928879747081,网友投稿 https://t.co/xE4F22QdS1
2023-06-06 13:33:39+00:00,https://twitter.com/whyyoutouzhele/status/1666075882946203654,网友补充 https://t.co/hmv26bgdHe
2023-06-06 13:26:08+00:00,https://twitter.com/whyyoutouzhele/status/1666073992233648130,https://t.co/RlgOCi2Jio
2023-06-06 13:25:51+00:00,https://twitter.com/whyyoutouzhele/status/1666073921194717184,"网友投稿
针对隔空投送的实名制和审查来了
6月6日，网信办就《近距离自组网信息服务管理规定（征求意见稿）》公开征求意见
其中要求：使用者需提供真实身份信息，不得自动配对，不得默认提供快照、缩略图等概要信息预览功能，需要设置便捷投诉举报入口或提供投诉举报渠道等。 https://t.co/HsKcLIp66l"
2023-06-06 12:18:52+00:00,https://twitter.com/whyyoutouzhele/status/1666057062143459329,"后续：央视出面为涉事学校站台
称“异物”为鸭脖，是正常食物。 https://t.co/G5qeONr4us"
2023-06-06 12:11:34+00:00,https://twitter.com/whyyoutouzhele/status/1666055227093417987,"前情提要
https://t.co/YngTasfd6n"
2023-06-06 12:11:13+00:00,https://twitter.com/whyyoutouzhele/status/1666055137415118848,"网友投稿
“指鼠为鸭”事件在网上继续发酵
一名小学老师发布视频，通过“指鼠为鸭”教育孩子们在面对来自权威者的错误时，一定要有勇气去反抗，要有独立思考能力。
视频爆火后，作者表示某些压力不得不删除视频。 https://t.co/q7q1XHTDj5"
2023-06-06 11:59:32+00:00,https://twitter.com/whyyoutouzhele/status/1666052200303321093,根据网传消息，出事车辆为一辆大众ID4，车辆为网约车，疑似因为网约车平台压榨太狠导致司机疲劳驾驶。 https://t.co/WItfzSRtPQ
2023-06-06 11:58:56+00:00,https://twitter.com/whyyoutouzhele/status/1666052047722905601,"网友投稿
6月5日，杭州一小客车撞上收费站，造成四人死亡。 https://t.co/CdYOWhGiBf"
2023-06-06 11:54:31+00:00,https://twitter.com/whyyoutouzhele/status/1666050937964617728,南京理工大学紫金学院发生伤人事件案件 补充视频 https://t.co/gR6drLKNn2
2023-06-06 11:52:24+00:00,https://twitter.com/whyyoutouzhele/status/1666050403748704257,"网友投稿
6月5日，有消息报道山东教育厅发布通知，为防止高考替考行为，高考期间全省高校学生不得请假离校。 https://t.co/bOmf8gLEi0"
2023-06-06 11:50:23+00:00,https://twitter.com/whyyoutouzhele/status/1666049897299165186,"网友投稿
6月4日，有公众号发布文章《继城管、农管之后，文管也闪亮登场了》，各地积极组织文化市场综合执法队，甚至配备了无人机。
作者表示，相信过不了几年，文化市场将进一步晴朗，意识形态将进一步统一。 https://t.co/MJOW3wJfuw"
2023-06-06 11:31:36+00:00,https://twitter.com/whyyoutouzhele/status/1666045167512559617,"网友投稿
6月4日，长沙。
网传一群公职人员疑似在某爱国教育基地拍摄宣传视频，但当听到“一切为了人民”时集体笑场。 https://t.co/68bDZSW3cB"
2023-06-06 11:26:08+00:00,https://twitter.com/whyyoutouzhele/status/1666043791625601025,"网友投稿
6月5日，南京理工大学紫金学院发生伤人事件案件，据称一名学生捅伤另一名学生后割腕。 https://t.co/JEKr0YiAFu"
2023-06-06 11:20:27+00:00,https://twitter.com/whyyoutouzhele/status/1666042364652077056,https://t.co/s81Mq4FqYV
2023-06-06 11:19:59+00:00,https://twitter.com/whyyoutouzhele/status/1666042246251020288,"网友投稿
6月6日中午，长沙地铁三号线出口发生一起面包车恶意撞人事件，目前9人受伤，其中一人伤势较重。

https://t.co/NZkh46IlN7"
2023-06-04 20:38:11+00:00,https://twitter.com/whyyoutouzhele/status/1665457946317209601,"网友投稿
6月4日晚，外交部驻港公署发言人：自取其辱的政治闹剧，注定被扫进历史的垃圾堆。 https://t.co/Gwkcad88Ix"
2023-06-04 20:36:00+00:00,https://twitter.com/whyyoutouzhele/status/1665457397802909697,"6月5日休息一天，暂停接收投稿
谢谢大家，晚安"
2023-06-04 19:21:14+00:00,https://twitter.com/whyyoutouzhele/status/1665438577990291462,https://t.co/98b4k4rjaB
2023-06-04 19:20:57+00:00,https://twitter.com/whyyoutouzhele/status/1665438508666724357,阿姆斯特丹 水坝广场 https://t.co/Gy0GX5WC39
2023-06-04 18:52:27+00:00,https://twitter.com/whyyoutouzhele/status/1665431335198924800,https://t.co/9iXwvCQ576
2023-06-04 18:25:22+00:00,https://twitter.com/whyyoutouzhele/status/1665424519601725443,@NicoleJ03311327 感谢更正
2023-06-04 18:17:06+00:00,https://twitter.com/whyyoutouzhele/status/1665422441831604225,泰国北碧府 https://t.co/oC0YF8bARi
2023-06-04 17:55:19+00:00,https://twitter.com/whyyoutouzhele/status/1665416960098566147,"世界各地纪念六四活动投稿汇总
伦敦特拉法尔加广场
新西兰基督城追忆桥
剑桥国王学院
台北中正纪念堂 https://t.co/79ZarEkKsr"
2023-06-04 16:57:58+00:00,https://twitter.com/whyyoutouzhele/status/1665402525661446146,https://t.co/7aWPkttaxa
2023-06-04 16:54:33+00:00,https://twitter.com/whyyoutouzhele/status/1665401667175497730,"网友投稿汇总
各路网友6月4日被封号原因： https://t.co/oIg7RKUjOw"
2023-06-04 16:38:41+00:00,https://twitter.com/whyyoutouzhele/status/1665397671253639168,"补充阅读：
5月26日多省官宣：大学学费上涨！上大学的成本又提高了 https://t.co/dYCOo4BXHe"
2023-06-04 16:34:25+00:00,https://twitter.com/whyyoutouzhele/status/1665396598409494530,"网友投稿
华东理工大学下学期奖迎来学费暴涨。
据称上海其他高校也面临相同问题。 https://t.co/detf5XkvBo"
2023-06-04 14:00:22+00:00,https://twitter.com/whyyoutouzhele/status/1665357829362860033,"网友投稿
6月4日，天安门东地铁站，被没收的鲜花。 https://t.co/uIKX8PW2zG"
2023-06-04 13:39:19+00:00,https://twitter.com/whyyoutouzhele/status/1665352535454957569,"6月4日晚，香港。
美国驻香港和澳门总领事馆的每扇窗户都点起蜡烛。
https://t.co/Z9o6KJib1i https://t.co/SrLf9qLaqU"
2023-06-04 13:11:33+00:00,https://twitter.com/whyyoutouzhele/status/1665345545118928896,"6月4日，香港
一名男子向媒体展示“5月35日”的剧本，随后被警察带走。
https://t.co/tIBL8KbcfS"
2023-06-04 13:07:34+00:00,https://twitter.com/whyyoutouzhele/status/1665344544815161344,目前，武汉下起小雨，但是现场道路两边依然聚集着不少民众。警察用人墙封闭了道路出口防止民众走上车道。 https://t.co/01bu6JpG7C
2023-06-04 13:02:43+00:00,https://twitter.com/whyyoutouzhele/status/1665343323337261056,现场依然存在大量警力 https://t.co/jBJO5Iyddw
2023-06-04 13:01:12+00:00,https://twitter.com/whyyoutouzhele/status/1665342942402232322,现场特警开始撤离，市民欢呼 https://t.co/J0rbpJKaqt
2023-06-04 12:54:56+00:00,https://twitter.com/whyyoutouzhele/status/1665341362491760640,推文被删除后，晚上八点，欧盟驻华代表团又重新发了一遍。 https://t.co/2JDyrb48Dc
2023-06-04 12:32:25+00:00,https://twitter.com/whyyoutouzhele/status/1665335699904647168,"欧洲议会对华关系代表团团长赖因哈德·比蒂科费尔
https://t.co/1oHXMIN82a"
2023-06-04 12:29:43+00:00,https://twitter.com/whyyoutouzhele/status/1665335016677621761,现场，一名女子哭吼着向警察讨要自己被抓的丈夫。 https://t.co/ko2z0M0B3h
2023-06-04 12:22:49+00:00,https://twitter.com/whyyoutouzhele/status/1665333281645113346,"晚上8点左右，家长被从学校门口驱散
现场聚集了大量民众 https://t.co/c7j1HdrrFl"
2023-06-04 12:15:55+00:00,https://twitter.com/whyyoutouzhele/status/1665331546595766272,"网友投稿
6月4日，四川省乐山金口河区发生高位山体垮塌14人遇难5人失联 https://t.co/itLvlab3Zs"
2023-06-04 12:06:11+00:00,https://twitter.com/whyyoutouzhele/status/1665329095855464448,"网友投稿
6月4日晚，东京新宿纪念现场 https://t.co/icVYTvHjCf"
2023-06-04 11:53:32+00:00,https://twitter.com/whyyoutouzhele/status/1665325912005517314,"网友投稿
6月4日晚，武汉十五小的家长准备进行连日来的第三次游行，在学校门口被大量警力包围制止 https://t.co/di50jc0pwD"
2023-06-04 11:42:41+00:00,https://twitter.com/whyyoutouzhele/status/1665323183061323776,"网友投稿
6月4日，荷兰驻华大使馆发布了一张广场上的坦克。 https://t.co/nIJaeDcUrn"
2023-06-04 11:20:37+00:00,https://twitter.com/whyyoutouzhele/status/1665317629093920770,@soar_shi 谢谢补充
2023-06-04 11:01:20+00:00,https://twitter.com/whyyoutouzhele/status/1665312775650914305,"网友投稿
6月4日，波兰驻华大使馆重新发布了被删除的微博 https://t.co/Octs6cRuSu"
2023-06-04 10:54:07+00:00,https://twitter.com/whyyoutouzhele/status/1665310960750325768,6月4日，香港铜锣湾的一系列情况：
2023-06-04 10:47:46+00:00,https://twitter.com/whyyoutouzhele/status/1665309359969107968,"网友投稿
浙江传媒学院，抑郁休学在家也要被敦促参加青年大学习。 https://t.co/dbGcLRjJ6C"
2023-06-04 10:46:04+00:00,https://twitter.com/whyyoutouzhele/status/1665308932758224898,"网友投稿
6月4日，河南工程学院。
今天建群超过50人要报告给导员，还有不让学生举办晚会 https://t.co/Pz46FOmQvs"
2023-06-04 10:35:01+00:00,https://twitter.com/whyyoutouzhele/status/1665306154807721986,"网友投稿
6月4日，瑞典大使馆发布微博，疑似影射 https://t.co/zRd2QwSyE7"
2023-06-04 10:33:48+00:00,https://twitter.com/whyyoutouzhele/status/1665305846274748416,网友投稿 https://t.co/Ctjla2BEka
2023-06-04 10:31:42+00:00,https://twitter.com/whyyoutouzhele/status/1665305317712752640,"网友投稿
加拿大大使馆在微博被删除后重新截图又发了一遍 https://t.co/GNlJVRtCxE"
2023-06-04 07:31:44+00:00,https://twitter.com/whyyoutouzhele/status/1665260029539229697,"网友投稿
6月4日，欧盟驻华代表团发文“我们不会忘记。”
随后评论区被屏蔽。 https://t.co/gb7UedVWaL"
2023-06-04 07:05:54+00:00,https://twitter.com/whyyoutouzhele/status/1665253528653234176,"英国驻华大使馆推特发文说明
https://t.co/feYAcxa0c1"
2023-06-04 06:31:48+00:00,https://twitter.com/whyyoutouzhele/status/1665244945362432001,"PPS：我后台看见太多了，所以我劝你少发
你要是觉得我在吓唬你，那我劝你多发。"
2023-06-04 06:12:52+00:00,https://twitter.com/whyyoutouzhele/status/1665240182155616256,@badiucao 确实很有意义，就是代价有点大，微信一封，整个人就是真正意义上的社会性死亡，工作，社交，钱，日常生活全部中断——这种严重的惩罚可能反而会让人开始反思自己这样做有没有意义
2023-06-04 06:06:14+00:00,https://twitter.com/whyyoutouzhele/status/1665238509878235137,@badiucao 无谓是因为就算发了也发不出去，只有自己可见。
2023-06-04 06:03:29+00:00,https://twitter.com/whyyoutouzhele/status/1665237817889284096,PS：不是说我不让你在墙内发，只是希望你认清风险，毕竟有些墙内账号被封了以后生活还是挺麻烦的。
2023-06-04 05:59:29+00:00,https://twitter.com/whyyoutouzhele/status/1665236814926315520,"想了想，还是需要友情提示一下大家
每年的今天都是互联为审查最严格的时期，任何一丁点的影射都会封号禁言，请大家珍惜自己的墙内账号，不要去做无谓的测试，发表言论之前先认清风险。"
2023-06-04 04:50:45+00:00,https://twitter.com/whyyoutouzhele/status/1665219514152173568,"还有一个
https://t.co/PtKofkqnmQ"
2023-06-04 04:35:28+00:00,https://twitter.com/whyyoutouzhele/status/1665215671347576833,"网友投稿
6月4日中午，英国驻华大使馆微博发布了1989年6月4日的人民日报头版。
随后微博被删除。 https://t.co/pDdPg6mst3"
2023-06-04 04:30:23+00:00,https://twitter.com/whyyoutouzhele/status/1665214388851077120,"网友投稿
6月3日，网传各地学校开始下发通知要求上交护照，禁止教职工私自出国。 https://t.co/s6nDO68EyJ"
2023-06-04 04:08:24+00:00,https://twitter.com/whyyoutouzhele/status/1665208857587580929,https://t.co/BvPYiUEd6g
2023-06-04 04:08:04+00:00,https://twitter.com/whyyoutouzhele/status/1665208772392804353,"网友投稿
6月3日，南昌一高校学生发视频称自己在食堂吃出一颗老鼠头，食堂方面坚称这就是“鸭脖”。
南昌市高新区市场监督管理局接到情况报告后，第一时间派出执法人员到该校开展调查，问询学校工作人员、食堂负责人、当事学生及相关知情人，对食品留样进行采样检测。
之后当事人出面澄清，称确实是鸭脖。"
2023-06-04 03:43:40+00:00,https://twitter.com/whyyoutouzhele/status/1665202634532306944,"网友投稿
6月4日，有网友发帖称自己发图庆祝也被封号。 https://t.co/p7C63hOsZ7"
2023-06-03 17:40:28+00:00,https://twitter.com/whyyoutouzhele/status/1665050833438875648,"网友投稿
6月4日，蜡烛一词在微博上被“蓝海行动”。（指只有认证过微博账号其相关内容才可以被搜索到，普通用户关于蜡烛的发言都不予显示。） https://t.co/cftwvOmJqN"
2023-06-03 17:26:36+00:00,https://twitter.com/whyyoutouzhele/status/1665047342460858368,德国驻华大使馆完整视频 https://t.co/CnuaTqbvvV
2023-06-03 17:01:53+00:00,https://twitter.com/whyyoutouzhele/status/1665041123046301696,随后该微博被删除
2023-06-03 16:58:47+00:00,https://twitter.com/whyyoutouzhele/status/1665040344013045760,"网友投稿
6月4日凌晨，德国大使馆发文点亮一根蜡烛 https://t.co/easeU88wZP"
2023-06-03 16:42:24+00:00,https://twitter.com/whyyoutouzhele/status/1665036222513790976,网友补充 https://t.co/mzUCbG0XYf
2023-06-03 16:41:30+00:00,https://twitter.com/whyyoutouzhele/status/1665035993068589058,网友补充，维护完毕后，系统显示4日无法预约。 https://t.co/5g8Oqv5sYd
2023-06-03 13:52:46+00:00,https://twitter.com/whyyoutouzhele/status/1664993529087553536,"网友投稿
6月3日晚，有网友发现天安门广场预约参观小程序因维护关闭。 https://t.co/KytkAsa3wx"
2023-06-03 13:47:03+00:00,https://twitter.com/whyyoutouzhele/status/1664992094186815490,"6月3日晚，武汉光谷。十五小家长继续昨天的游行示威。
疑似因为有人被抓，现场高喊“放人”
随后有领导出来交涉，群众再次高喊“就近入学”等口号。 https://t.co/fhEMsas3h4"
2023-06-03 12:18:08+00:00,https://twitter.com/whyyoutouzhele/status/1664969713682726912,"网友投稿
6月3日，北京鸟巢国家体育场五月天演唱会场外，疑似一名女子在高处挥舞美国国旗和标语，抛洒《独立宣言》选段。
随后被赶来的安保人员制止。 https://t.co/GndHASbLX8"
2023-06-03 12:03:59+00:00,https://twitter.com/whyyoutouzhele/status/1664966153381244929,"网友投稿
6月3日，北京网友发现“看桥员”再次上岗 https://t.co/VODJ44bQG3"
2023-06-03 11:55:25+00:00,https://twitter.com/whyyoutouzhele/status/1664963997441900546,@ljesseliujx 感谢更正
2023-06-03 08:05:05+00:00,https://twitter.com/whyyoutouzhele/status/1664906034027061249,"网友投稿
6月3日10时许，四川德阳什邡市永正西街附近，一男子当街持刀捅一女子。目击者刘先生称事发于路边一药店门口，男子用刀将女子捅伤，女子被捅后躺倒在地没有动弹，随后，男子持刀划伤自己颈脖处，倒在被捅女子身上。
画面显示，随后警方到达现场处理，并维护秩序。13时许，当地派出所民警称两人已送医，事件正在处理中。"
2023-06-02 19:10:26+00:00,https://twitter.com/whyyoutouzhele/status/1664711085079900163,"网友投稿
受巴黎Major“雪山狮子旗”事件影响，国内CSGO比赛不再转播现场观众画面。
当每小局比赛结束导播切到现场观众时，国内转播流会自动切到蓝屏 https://t.co/PItVFSIs0f"
2023-06-02 17:46:14+00:00,https://twitter.com/whyyoutouzhele/status/1664689898035507201,"网友投稿
多个App和游戏近日纷纷在本周末开启“夏季维护”
禁止发言，更换头像，个人信息等
有直播工会宣布本周末不得户外直播，不得播外服游戏，遮挡聊天框和昵称等。 https://t.co/SPKF280jZG"
2023-06-02 17:23:21+00:00,https://twitter.com/whyyoutouzhele/status/1664684136508817420,北京时间 1:10，学校家长已经散去，事情没有达成共识，家长表示未来几天还会发起游行。
2023-06-02 17:05:11+00:00,https://twitter.com/whyyoutouzhele/status/1664679567888351255,"后续更新
有知情人辟谣称，孩子父亲并非坠楼，而是伤心过度被送到医院 https://t.co/kjONbscdPV"
2023-06-02 16:32:28+00:00,https://twitter.com/whyyoutouzhele/status/1664671334624788480,目前情况 https://t.co/VG302YOSdi
2023-06-02 16:31:30+00:00,https://twitter.com/whyyoutouzhele/status/1664671091602726913,"6月1日，著名学者李毅再次发表暴论
称如果因为统一台湾中国死去一亿四千亿人，这在人类历史上是小菜一碟。
“我想很多中国人应该已经做了准备……如果稍加教育，这些年轻人都会同意，为了统一台湾，大陆可以死上一亿四千万人” https://t.co/x9YhTdyjAf"
2023-06-02 16:03:36+00:00,https://twitter.com/whyyoutouzhele/status/1664664069503066112,现场出现前来增援的警察。 https://t.co/IeFcja1rui
2023-06-02 15:36:28+00:00,https://twitter.com/whyyoutouzhele/status/1664657241281110020,"现场一名工作人员表示，分管教育的（没听懂）马上到学校来听取大家的诉求。
现在（没听懂）局人和教育局领导正在协商解决方案，马上就会来 https://t.co/fT5cPRa5dp"
2023-06-02 15:28:18+00:00,https://twitter.com/whyyoutouzhele/status/1664655182829895682,"此刻，在学校门口，警察在跟家长们交涉
校方暂时没有出面。 https://t.co/NEMETLcKy1"
2023-06-02 15:25:08+00:00,https://twitter.com/whyyoutouzhele/status/1664654389196341251,"根据现场反馈消息
目前，游行队伍出现分流，一支去了光谷大道，一支折返回学校"
2023-06-02 15:04:41+00:00,https://twitter.com/whyyoutouzhele/status/1664649243024392196,"游行队伍继续往教育局进发
现场警察并没有干涉。
路上几乎没车辆，可能是被提前疏散管制了。 https://t.co/WFVqfSAGt5"
2023-06-02 14:55:59+00:00,https://twitter.com/whyyoutouzhele/status/1664647049965436928,"民众们一直喊着去教育局
现场有警察过来交涉，希望民众选出代表
民众回应“我们没有代表，我们是为自己发声” https://t.co/ztdpNkZSxw"
2023-06-02 14:50:58+00:00,https://twitter.com/whyyoutouzhele/status/1664645788587241472,一部分群众自发加入游行队伍，现场民众们继续游行在大街上 https://t.co/3oiKEjR8Bz
2023-06-02 14:49:29+00:00,https://twitter.com/whyyoutouzhele/status/1664645414568579075,视频中，家长们继续游行，警车已经到达现场，但是并没有阻拦游行队伍前进。 https://t.co/jrnJIBS0oy
2023-06-02 14:46:21+00:00,https://twitter.com/whyyoutouzhele/status/1664644627142508545,随后，家长们走上大街 https://t.co/pk9WsH5WQn
2023-06-02 14:45:22+00:00,https://twitter.com/whyyoutouzhele/status/1664644380450250752,"网友投稿
突发！武汉江夏区光谷第十五小学，此刻。
因小学要被分流，导致家长今晚集体抗议示威，高喊“就近入学，反对分流。” https://t.co/adtv8oBFRR"
2023-06-02 14:35:04+00:00,https://twitter.com/whyyoutouzhele/status/1664641788341104648,"网友投稿
6月2日，武汉中国地质大学发生一起杀人未遂事件。 https://t.co/grIFIg0HZC"
2023-06-02 14:33:19+00:00,https://twitter.com/whyyoutouzhele/status/1664641348983455745,"网友补充
孩子母亲生前曾自诉自己遭遇公安局民警谴责和威胁。
有网友认为其与丈夫相继跳楼也跟遭遇有关部门的压力有关。 https://t.co/m5qPIbALUY"
2023-06-02 13:08:19+00:00,https://twitter.com/whyyoutouzhele/status/1664619955327844353,"后续
网传在孩子母亲跳楼后，孩子父亲也跟着跳楼，后被担架抬出。 https://t.co/nCnqChHSMm"
2023-06-02 12:49:02+00:00,https://twitter.com/whyyoutouzhele/status/1664615103419777027,"网友投稿
6月2日，吉林某高校招募志愿者，在3、4日晚上对校园进行安全巡逻。 https://t.co/EmPjlIi0E9"
2023-06-02 12:11:48+00:00,https://twitter.com/whyyoutouzhele/status/1664605733453807616,"网友投稿
6月2日，抖音向各大网红KOL和品牌方发布内部通知，要求3，4，5三天禁止发布推广
评论、转发严禁出现“点蜡烛”、“含义不明的数字”、“坦克”、“老照片”、“成龙/谭咏麟/曾志伟/梅艳芳等香港艺人”、“含人群聚集/维多利亚港/天安门/颐和园/烛光/物体排成一排”等元素。
同时转发数，评论数，点赞数都不得是敏感数字。"
2023-06-02 12:10:01+00:00,https://twitter.com/whyyoutouzhele/status/1664605285925765122,"网友投稿
6月1日，有网友发布视频，海南某村全体村民集体投票罢免村干部，罢免成功后又是欢呼又是敲锣放鞭炮庆祝。 https://t.co/1ilkTs66zx"
2023-06-02 11:25:25+00:00,https://twitter.com/whyyoutouzhele/status/1664594059896270848,"网友投稿
6月2日，多方消息称，此前“小学生校内被老师开车撞死”事件中的小孩母亲坠楼身亡。
据悉，遭遇严重网暴是其自杀的重要原因之一。 https://t.co/oPlvXXp1jz"
2023-06-02 10:56:45+00:00,https://twitter.com/whyyoutouzhele/status/1664586845525536775,"网友投稿
6月1日，上海中侨职业技术大学强制全校学生把宿舍清空，以便租给外面夏令营牟利。不管学生能否带走一律清空不然把私人物品当垃圾扔掉，引发学生强烈不满。 https://t.co/S31QcDfjxX"
2023-06-02 10:45:49+00:00,https://twitter.com/whyyoutouzhele/status/1664584096259923968,警方通报 https://t.co/TkOTJMAfYL
2023-06-02 10:42:20+00:00,https://twitter.com/whyyoutouzhele/status/1664583219721715712,"视频爆火后，作者被指责“50万”，同时视频被限流。但是评论区还是被广大理性网友占据。
“如果你看到这个视频觉得作者是在搞分裂，就代表你离人民已经很远了”
“对国家日益富强的自豪感与对自身生活的失望感正在撕裂中下层人民的归属感” https://t.co/PZUuAAOdo3"
2023-06-02 10:37:08+00:00,https://twitter.com/whyyoutouzhele/status/1664581910675292160,"网友投稿
“看苍生”
6月1日，一部名为《人民》的视频在B站爆火
视频中平凡人生活中的艰辛与快乐引发大量网友共鸣。 https://t.co/jUHDza1s7c"
2023-06-02 10:31:43+00:00,https://twitter.com/whyyoutouzhele/status/1664580547924967424,"网友投稿
一名小红书网友发帖称，自己的单位如果学习强国不达标要扣钱。 https://t.co/G8eobXdmaA"
2023-06-01 21:17:56+00:00,https://twitter.com/whyyoutouzhele/status/1664380786168963073,"网友投稿
6月1日，复旦大学教授曲卫国发文感叹韩国地铁和火车站不设安检，被指“公知将地铁不设安检上升到文化程度”。 https://t.co/zChuJwDRUq"
2023-06-01 20:33:56+00:00,https://twitter.com/whyyoutouzhele/status/1664369712849907712,"网友投稿
6月1日消息，中国高考报名人数再创新高，达到1291万。 https://t.co/7J5XprKSTe"
2023-06-01 19:19:54+00:00,https://twitter.com/whyyoutouzhele/status/1664351078970806276,"对于把国家和政府混淆，把针对政府的负面信息混淆成抹黑中国的人，这本来是一个懒得去驳斥的话题，只是正好借此说点心里话。
我很欣慰和自豪的一点是，很多发出去的事情最后都会被解决（虽然有时候则是投稿人被解决），就说明了舆论监督有价值，有意义，并且有用。
正因如此，无论承受什么样的诋毁，后果和风险，都是我可以接受的并值得为之坚持的事情。
即使这个账号不在了，也会有下一个账号出现，因为在言论自由这件事情上，公权力永远无法扼杀人们说话的权利。封禁一个词，会出现一万个词。封禁一个号，会出现十万个号。
十四亿人十四亿双耳朵十四亿双眼睛十四亿张嘴，你封的过来吗？"
2023-06-01 19:02:17+00:00,https://twitter.com/whyyoutouzhele/status/1664346647952760857,既然可以认识到“哪个国家能没点负面的东西”，怎么见到别人发点负面的东西就觉得别人是汉奸间谍呢？ https://t.co/tjagEd7lxS
2023-06-01 14:42:11+00:00,https://twitter.com/whyyoutouzhele/status/1664281192357855233,"网友投稿
5月30日，安徽理工大学有大四学生跳楼自杀，原因疑似为答辩未过。 https://t.co/xnoL6csQWd"
2023-06-01 14:18:36+00:00,https://twitter.com/whyyoutouzhele/status/1664275257698680832,6月1日晚，南昌大学前湖校区环境楼着火 https://t.co/BgM0lUDwhm
2023-06-01 14:18:19+00:00,https://twitter.com/whyyoutouzhele/status/1664275185330171910,网友补充 https://t.co/k54SnReind
2023-06-01 13:31:05+00:00,https://twitter.com/whyyoutouzhele/status/1664263298454528007,"网友投稿
6月1日，苹果App Store下架百度网盘App https://t.co/uQuAQNJ9xx"
2023-06-01 12:17:25+00:00,https://twitter.com/whyyoutouzhele/status/1664244759580356613,"网友投稿
5月29日，青岛开始提供免费核酸检测 https://t.co/sSHfeMNa1t"
2023-06-01 12:06:41+00:00,https://twitter.com/whyyoutouzhele/status/1664242059727761409,网友补充 https://t.co/FFTtJsFh74
2023-06-01 12:03:54+00:00,https://twitter.com/whyyoutouzhele/status/1664241359685918721,"网友投稿
6月1日，因湖南步步高公司拖欠基层员工工资长达数月之久，员工的社保医保也半年没交。上午，各大门店员工前往市政府上访，遭到了警察驱赶。 https://t.co/GQ0Kq3GXQP"
2023-06-01 11:34:32+00:00,https://twitter.com/whyyoutouzhele/status/1664233965744431114,"网友投稿
5月31日，一名网友通过顺丰邮寄书籍，被要求提供书籍名称以便审核内容，只有满足“内容健康”的要求才能够邮寄 https://t.co/RZbmMDPQ7G"
2023-06-01 11:30:27+00:00,https://twitter.com/whyyoutouzhele/status/1664232939612168194,"网友投稿
5月31日，深圳大学一名学生跳楼。 https://t.co/rDVFloqEkE"
2023-06-01 11:20:48+00:00,https://twitter.com/whyyoutouzhele/status/1664230509734424577,网友补充，在游戏中，“练习”变成了“ 练* ” https://t.co/CkgIkyPXRG
2023-06-01 11:18:33+00:00,https://twitter.com/whyyoutouzhele/status/1664229943998390274,关注贝女士
2023-06-01 11:15:40+00:00,https://twitter.com/whyyoutouzhele/status/1664229221231652864,"网友投稿
晓庄学院的学校大厅的点歌屏上要求学术“尽量不要点韩语和日语歌，英文曲目内容不健康也不要点。” https://t.co/GOhO16yMxN"
2023-06-01 00:22:53+00:00,https://twitter.com/whyyoutouzhele/status/1664064941857316864,后续更新，打人者为三名警务人员，包括一名派出所副所长。现已被行政拘留。 https://t.co/mx2B4ndwv7
